model	dataset	datatype	recall@10	precision@10	mrr@10	ndcg@10	hit@10	recall@20	precision@20	mrr@20	ndcg@20	hit@20	epochs	avg train time	avg eval time	FLOPs	trainable params
ItemKNN	ml-100k	expR	0.2704	0.027	0.1122	0.1491	0.2704	0.3998	0.02	0.1208	0.1813	0.3998	1	0.27	0.52	0.0	1
ItemKNN	ml-100k	impR	0.2441	0.0244	0.1005	0.1339	0.2441	0.355	0.0178	0.1082	0.1619	0.355	1	0.16	0.51	0.0	1
ItemKNN	ml-100k	impB	0.2441	0.0244	0.1005	0.1339	0.2441	0.355	0.0178	0.1082	0.1619	0.355	1	0.14	0.51	0.0	1
ItemKNN	jester	expR	0.9182	0.0918	0.8	0.8297	0.9182	0.9343	0.0467	0.8012	0.8337	0.9343	1	35.32	5.6	0.0	1
ItemKNN	jester	impR	0.5054	0.0505	0.2113	0.2801	0.5054	0.6699	0.0335	0.2228	0.3218	0.6699	1	2.47	3.44	0.0	1
ItemKNN	jester	impB	0.5054	0.0505	0.2113	0.2801	0.5054	0.6699	0.0335	0.2228	0.3218	0.6699	1	2.51	3.41	0.0	1
ItemKNN	amazon_all_beauty	expR	0.0184	0.0018	0.0089	0.0111	0.0184	0.0238	0.0012	0.0093	0.0125	0.0238	1	0.03	0.68	0.0	1
ItemKNN	amazon_all_beauty	impR	0.02	0.002	0.0091	0.0116	0.02	0.0271	0.0014	0.0095	0.0133	0.0271	1	0.02	0.44	0.0	1
ItemKNN	amazon_all_beauty	impB	0.02	0.002	0.0091	0.0116	0.02	0.0271	0.0014	0.0095	0.0133	0.0271	1	0.03	0.44	0.0	1
BPR	ml-100k	expR	0.2927	0.0293	0.1214	0.1612	0.2927	0.3902	0.0195	0.128	0.1857	0.3902	50	0.4	0.36	128.0	168128
BPR	ml-100k	impR	0.2271	0.0227	0.0902	0.122	0.2271	0.3305	0.0165	0.0971	0.1479	0.3305	50	0.24	0.38	128.0	152768
BPR	ml-100k	impB	0.2271	0.0227	0.0902	0.122	0.2271	0.3305	0.0165	0.0971	0.1479	0.3305	50	0.3	0.46	128.0	152768
BPR	jester	expR	0.9158	0.0916	0.7735	0.809	0.9158	0.9355	0.0468	0.7749	0.814	0.9355	7	121.06	6.87	128.0	4705472
BPR	jester	impR	0.5289	0.0529	0.2105	0.2848	0.5289	0.7218	0.0361	0.224	0.3337	0.7218	10	14.6	4.37	128.0	3212736
BPR	jester	impB	0.5289	0.0529	0.2105	0.2848	0.5289	0.7218	0.0361	0.224	0.3337	0.7218	10	15.51	4.75	128.0	3212736
BPR	amazon_all_beauty	expR	0.0054	0.0005	0.0019	0.0028	0.0054	0.0095	0.0005	0.0022	0.0038	0.0095	22	0.08	0.92	128.0	529536
BPR	amazon_all_beauty	impR	0.011	0.0011	0.0051	0.0065	0.011	0.02	0.001	0.0058	0.0088	0.02	50	0.08	0.72	128.0	370176
BPR	amazon_all_beauty	impB	0.011	0.0011	0.0051	0.0065	0.011	0.02	0.001	0.0058	0.0088	0.02	50	0.09	0.72	128.0	370176
NeuMF	ml-100k	expR	0.2662	0.0266	0.1139	0.1494	0.2662	0.3966	0.0198	0.123	0.1824	0.3966	30	2.16	1.61	24960.0	361153
NeuMF	ml-100k	impR	0.2527	0.0253	0.0977	0.1333	0.2527	0.3625	0.0181	0.1049	0.1607	0.3625	41	1.65	2.04	24960.0	330433
NeuMF	ml-100k	impB	0.2527	0.0253	0.0977	0.1333	0.2527	0.3625	0.0181	0.1049	0.1607	0.3625	41	1.7	2.1	24960.0	330433
NeuMF	jester	expR	0.8263	0.0826	0.5896	0.6473	0.8263	0.8924	0.0446	0.5942	0.6641	0.8924	7	291.39	13.52	24960.0	9435841
NeuMF	jester	impR	0.5343	0.0534	0.2102	0.2857	0.5343	0.7278	0.0364	0.2236	0.3346	0.7278	8	48.41	8.3	24960.0	6450369
NeuMF	jester	impB	0.5343	0.0534	0.2102	0.2857	0.5343	0.7278	0.0364	0.2236	0.3346	0.7278	8	47.67	7.99	24960.0	6450369
NeuMF	amazon_all_beauty	expR	0.0034	0.0003	0.0014	0.0019	0.0034	0.0095	0.0005	0.0018	0.0034	0.0095	8	0.19	7.04	24960.0	1083969
NeuMF	amazon_all_beauty	impR	0.005	0.0005	0.0019	0.0026	0.005	0.012	0.0006	0.0024	0.0045	0.012	10	0.14	3.96	24960.0	765249
NeuMF	amazon_all_beauty	impB	0.005	0.0005	0.0019	0.0026	0.005	0.012	0.0006	0.0024	0.0045	0.012	10	0.16	3.97	24960.0	765249
GCMC	ml-100k	expR	0.263	0.0263	0.1141	0.1489	0.263	0.3712	0.0186	0.1217	0.1765	0.3712	50	17.48	81.45	84064004.0	1353696
GCMC	ml-100k	impR	0.1578	0.0158	0.0645	0.0862	0.1578	0.2239	0.0112	0.069	0.1028	0.2239	11	6.77	49.42	76384004.0	1233696
GCMC	ml-100k	impB	0.1578	0.0158	0.0645	0.0862	0.1578	0.2239	0.0112	0.069	0.1028	0.2239	11	6.73	48.18	76384004.0	1233696
GCMC	jester	expR											2	16271.67	6969.22	2352736004.0	36801696
GCMC	amazon_all_beauty	expR	0.0054	0.0005	0.0016	0.0025	0.0054	0.0102	0.0005	0.002	0.0037	0.0102	15	1.18	63.85	264768004.0	4177196
GCMC	amazon_all_beauty	impR	0.006	0.0006	0.002	0.0029	0.006	0.013	0.0007	0.0025	0.0048	0.013	10	0.72	36.37	185088004.0	2932196
GCMC	amazon_all_beauty	impB	0.006	0.0006	0.002	0.0029	0.006	0.013	0.0007	0.0025	0.0048	0.013	10	0.73	36.23	185088004.0	2932196
